<?xml version="1.0"?>
<opencv_storage>
<cascade>
  <stageType>BOOST</stageType>
  <featureType>HAAR</featureType>
  <height>48</height>
  <width>64</width>
  <stageParams>
    <boostType>GAB</boostType>
    <minHitRate>9.9500000476837158e-01</minHitRate>
    <maxFalseAlarm>5.0000000000000000e-01</maxFalseAlarm>
    <weightTrimRate>9.4999999999999996e-01</weightTrimRate>
    <maxDepth>1</maxDepth>
    <maxWeakCount>100</maxWeakCount></stageParams>
  <featureParams>
    <maxCatCount>0</maxCatCount>
    <featSize>1</featSize>
    <mode>BASIC</mode></featureParams>
  <stageNum>20</stageNum>
  <stages>
    <!-- stage 0 -->
    <_>
      <maxWeakCount>1</maxWeakCount>
      <stageThreshold>9.6581196784973145e-01</stageThreshold>
      <weakClassifiers>
        <_>
          <internalNodes>
            0 -1 36 -1.8192261457443237e-02</internalNodes>
          <leafValues>
            -1. 9.6581196784973145e-01</leafValues></_></weakClassifiers></_>
    <!-- stage 1 -->
    <_>
      <maxWeakCount>1</maxWeakCount>
      <stageThreshold>9.4915252923965454e-01</stageThreshold>
      <weakClassifiers>
        <_>
          <internalNodes>
            0 -1 7 -2.7741310186684132e-03</internalNodes>
          <leafValues>
            -1. 9.4915252923965454e-01</leafValues></_></weakClassifiers></_>
    <!-- stage 2 -->
    <_>
      <maxWeakCount>4</maxWeakCount>
      <stageThreshold>1.0935738086700439e+00</stageThreshold>
      <weakClassifiers>
        <_>
          <internalNodes>
            0 -1 23 1.8151294440031052e-02</internalNodes>
          <leafValues>
            9.3277311325073242e-01 -1.</leafValues></_>
        <_>
          <internalNodes>
            0 -1 33 2.4274866154883057e-04</internalNodes>
          <leafValues>
            -2.9715088009834290e-01 1.</leafValues></_>
        <_>
          <internalNodes>
            0 -1 15 3.3684796107991133e-06</internalNodes>
          <leafValues>
            -3.5460984706878662e-01 1.</leafValues></_>
        <_>
          <internalNodes>
            0 -1 9 -2.0907096040900797e-04</internalNodes>
          <leafValues>
            9.3647837638854980e-01 -4.8458948731422424e-01</leafValues></_></weakClassifiers></_>
    <!-- stage 3 -->
    <_>
      <maxWeakCount>1</maxWeakCount>
      <stageThreshold>9.6566522121429443e-01</stageThreshold>
      <weakClassifiers>
        <_>
          <internalNodes>
            0 -1 4 1.2366706132888794e-01</internalNodes>
          <leafValues>
            9.6566522121429443e-01 -8.1818181276321411e-01</leafValues></_></weakClassifiers></_>
    <!-- stage 4 -->
    <_>
      <maxWeakCount>1</maxWeakCount>
      <stageThreshold>9.4915252923965454e-01</stageThreshold>
      <weakClassifiers>
        <_>
          <internalNodes>
            0 -1 24 -7.2541404515504837e-03</internalNodes>
          <leafValues>
            -1. 9.4915252923965454e-01</leafValues></_></weakClassifiers></_>
    <!-- stage 5 -->
    <_>
      <maxWeakCount>4</maxWeakCount>
      <stageThreshold>1.3403974473476410e-01</stageThreshold>
      <weakClassifiers>
        <_>
          <internalNodes>
            0 -1 43 -3.1065236777067184e-02</internalNodes>
          <leafValues>
            -5.5555558204650879e-01 9.4042551517486572e-01</leafValues></_>
        <_>
          <internalNodes>
            0 -1 41 1.2418962433002889e-04</internalNodes>
          <leafValues>
            -1.5549574792385101e-01 9.8518705368041992e-01</leafValues></_>
        <_>
          <internalNodes>
            0 -1 17 -7.3535347837605514e-06</internalNodes>
          <leafValues>
            1. -2.8940469026565552e-01</leafValues></_>
        <_>
          <internalNodes>
            0 -1 42 5.3332519200921524e-06</internalNodes>
          <leafValues>
            -3.6148536205291748e-01 1.</leafValues></_></weakClassifiers></_>
    <!-- stage 6 -->
    <_>
      <maxWeakCount>4</maxWeakCount>
      <stageThreshold>7.4592173099517822e-01</stageThreshold>
      <weakClassifiers>
        <_>
          <internalNodes>
            0 -1 13 1.7931867390871048e-02</internalNodes>
          <leafValues>
            9.5670998096466064e-01 -3.8461539149284363e-01</leafValues></_>
        <_>
          <internalNodes>
            0 -1 12 8.5993111133575439e-02</internalNodes>
          <leafValues>
            8.7487745285034180e-01 -6.6013473272323608e-01</leafValues></_>
        <_>
          <internalNodes>
            0 -1 5 1.7826993018388748e-02</internalNodes>
          <leafValues>
            7.6497840881347656e-01 -7.4434036016464233e-01</leafValues></_>
        <_>
          <internalNodes>
            0 -1 31 2.2851854737382382e-06</internalNodes>
          <leafValues>
            -5.8251637220382690e-01 1.</leafValues></_></weakClassifiers></_>
    <!-- stage 7 -->
    <_>
      <maxWeakCount>4</maxWeakCount>
      <stageThreshold>1.2433338165283203e+00</stageThreshold>
      <weakClassifiers>
        <_>
          <internalNodes>
            0 -1 0 -7.5718220323324203e-03</internalNodes>
          <leafValues>
            -1. 9.2468619346618652e-01</leafValues></_>
        <_>
          <internalNodes>
            0 -1 40 2.4310577373398701e-06</internalNodes>
          <leafValues>
            -1.3045594096183777e-01 1.</leafValues></_>
        <_>
          <internalNodes>
            0 -1 21 -1.6499792400281876e-04</internalNodes>
          <leafValues>
            1. -3.0096626281738281e-01</leafValues></_>
        <_>
          <internalNodes>
            0 -1 8 -6.7995089921168983e-05</internalNodes>
          <leafValues>
            1. -3.8038608431816101e-01</leafValues></_></weakClassifiers></_>
    <!-- stage 8 -->
    <_>
      <maxWeakCount>3</maxWeakCount>
      <stageThreshold>1.1186410188674927e+00</stageThreshold>
      <weakClassifiers>
        <_>
          <internalNodes>
            0 -1 35 4.4514447450637817e-02</internalNodes>
          <leafValues>
            9.4871795177459717e-01 -6.0000002384185791e-01</leafValues></_>
        <_>
          <internalNodes>
            0 -1 1 2.6213240623474121e-01</internalNodes>
          <leafValues>
            8.2953459024429321e-01 -8.1543910503387451e-01</leafValues></_>
        <_>
          <internalNodes>
            0 -1 44 7.2177404945250601e-05</internalNodes>
          <leafValues>
            -4.4515365362167358e-01 9.8536217212677002e-01</leafValues></_></weakClassifiers></_>
    <!-- stage 9 -->
    <_>
      <maxWeakCount>4</maxWeakCount>
      <stageThreshold>1.1923580169677734e+00</stageThreshold>
      <weakClassifiers>
        <_>
          <internalNodes>
            0 -1 16 5.7010330259799957e-02</internalNodes>
          <leafValues>
            9.3277311325073242e-01 -1.</leafValues></_>
        <_>
          <internalNodes>
            0 -1 47 5.6490898714400828e-05</internalNodes>
          <leafValues>
            -8.0226279795169830e-02 1.</leafValues></_>
        <_>
          <internalNodes>
            0 -1 18 -2.4433954968117177e-04</internalNodes>
          <leafValues>
            1. -3.1089451909065247e-01</leafValues></_>
        <_>
          <internalNodes>
            0 -1 26 1.8804847059072927e-05</internalNodes>
          <leafValues>
            -4.2952051758766174e-01 1.</leafValues></_></weakClassifiers></_>
    <!-- stage 10 -->
    <_>
      <maxWeakCount>1</maxWeakCount>
      <stageThreshold>9.5726495981216431e-01</stageThreshold>
      <weakClassifiers>
        <_>
          <internalNodes>
            0 -1 25 1.1724915355443954e-02</internalNodes>
          <leafValues>
            9.5726495981216431e-01 -8.0000001192092896e-01</leafValues></_></weakClassifiers></_>
    <!-- stage 11 -->
    <_>
      <maxWeakCount>1</maxWeakCount>
      <stageThreshold>9.4067794084548950e-01</stageThreshold>
      <weakClassifiers>
        <_>
          <internalNodes>
            0 -1 30 6.9191887974739075e-02</internalNodes>
          <leafValues>
            9.4067794084548950e-01 -7.5000000000000000e-01</leafValues></_></weakClassifiers></_>
    <!-- stage 12 -->
    <_>
      <maxWeakCount>1</maxWeakCount>
      <stageThreshold>9.4092828035354614e-01</stageThreshold>
      <weakClassifiers>
        <_>
          <internalNodes>
            0 -1 10 1.6413274407386780e-01</internalNodes>
          <leafValues>
            9.4092828035354614e-01 -1.</leafValues></_></weakClassifiers></_>
    <!-- stage 13 -->
    <_>
      <maxWeakCount>1</maxWeakCount>
      <stageThreshold>9.4893616437911987e-01</stageThreshold>
      <weakClassifiers>
        <_>
          <internalNodes>
            0 -1 3 2.5277577340602875e-02</internalNodes>
          <leafValues>
            9.4893616437911987e-01 -7.7777779102325439e-01</leafValues></_></weakClassifiers></_>
    <!-- stage 14 -->
    <_>
      <maxWeakCount>3</maxWeakCount>
      <stageThreshold>9.2529886960983276e-01</stageThreshold>
      <weakClassifiers>
        <_>
          <internalNodes>
            0 -1 14 -8.8236056268215179e-02</internalNodes>
          <leafValues>
            -7.1428573131561279e-01 9.3248945474624634e-01</leafValues></_>
        <_>
          <internalNodes>
            0 -1 46 1.1613084934651852e-02</internalNodes>
          <leafValues>
            7.5838267803192139e-01 -9.2874205112457275e-01</leafValues></_>
        <_>
          <internalNodes>
            0 -1 28 1.4537642528011929e-05</internalNodes>
          <leafValues>
            -5.4612034559249878e-01 8.8120198249816895e-01</leafValues></_></weakClassifiers></_>
    <!-- stage 15 -->
    <_>
      <maxWeakCount>3</maxWeakCount>
      <stageThreshold>1.1686033010482788e+00</stageThreshold>
      <weakClassifiers>
        <_>
          <internalNodes>
            0 -1 34 7.1362545713782310e-03</internalNodes>
          <leafValues>
            9.4871795177459717e-01 -6.0000002384185791e-01</leafValues></_>
        <_>
          <internalNodes>
            0 -1 32 -5.9826642274856567e-02</internalNodes>
          <leafValues>
            -3.3024308085441589e-01 9.4848233461380005e-01</leafValues></_>
        <_>
          <internalNodes>
            0 -1 45 2.3735809372738004e-04</internalNodes>
          <leafValues>
            8.2012093067169189e-01 -6.1173325777053833e-01</leafValues></_></weakClassifiers></_>
    <!-- stage 16 -->
    <_>
      <maxWeakCount>4</maxWeakCount>
      <stageThreshold>7.4799484014511108e-01</stageThreshold>
      <weakClassifiers>
        <_>
          <internalNodes>
            0 -1 37 -6.6318050958216190e-03</internalNodes>
          <leafValues>
            -2.8571429848670959e-01 9.5652174949645996e-01</leafValues></_>
        <_>
          <internalNodes>
            0 -1 39 3.2905959524214268e-03</internalNodes>
          <leafValues>
            8.4244900941848755e-01 -8.2356220483779907e-01</leafValues></_>
        <_>
          <internalNodes>
            0 -1 29 1.3312783092260361e-02</internalNodes>
          <leafValues>
            7.8667509555816650e-01 -7.2837334871292114e-01</leafValues></_>
        <_>
          <internalNodes>
            0 -1 38 5.1827405513904523e-06</internalNodes>
          <leafValues>
            -6.5339905023574829e-01 9.1963344812393188e-01</leafValues></_></weakClassifiers></_>
    <!-- stage 17 -->
    <_>
      <maxWeakCount>3</maxWeakCount>
      <stageThreshold>1.1613091230392456e+00</stageThreshold>
      <weakClassifiers>
        <_>
          <internalNodes>
            0 -1 2 1.1461684107780457e-01</internalNodes>
          <leafValues>
            9.3277311325073242e-01 -1.</leafValues></_>
        <_>
          <internalNodes>
            0 -1 6 1.7061695456504822e-02</internalNodes>
          <leafValues>
            8.9140057563781738e-01 -7.7146399021148682e-01</leafValues></_>
        <_>
          <internalNodes>
            0 -1 22 2.7696928009390831e-04</internalNodes>
          <leafValues>
            -4.8354062438011169e-01 1.</leafValues></_></weakClassifiers></_>
    <!-- stage 18 -->
    <_>
      <maxWeakCount>3</maxWeakCount>
      <stageThreshold>1.3459379673004150e+00</stageThreshold>
      <weakClassifiers>
        <_>
          <internalNodes>
            0 -1 19 -1.4874190092086792e-01</internalNodes>
          <leafValues>
            -5.0000000000000000e-01 9.3220341205596924e-01</leafValues></_>
        <_>
          <internalNodes>
            0 -1 20 8.8128399511333555e-06</internalNodes>
          <leafValues>
            -1.8336196243762970e-01 1.</leafValues></_>
        <_>
          <internalNodes>
            0 -1 11 -8.7500572204589844e-02</internalNodes>
          <leafValues>
            -5.6553786993026733e-01 8.4593802690505981e-01</leafValues></_></weakClassifiers></_>
    <!-- stage 19 -->
    <_>
      <maxWeakCount>1</maxWeakCount>
      <stageThreshold>9.4067794084548950e-01</stageThreshold>
      <weakClassifiers>
        <_>
          <internalNodes>
            0 -1 27 2.5989759713411331e-02</internalNodes>
          <leafValues>
            9.4067794084548950e-01 -7.5000000000000000e-01</leafValues></_></weakClassifiers></_></stages>
  <features>
    <_>
      <rects>
        <_>
          0 0 2 29 -1.</_>
        <_>
          1 0 1 29 2.</_></rects>
      <tilted>0</tilted></_>
    <_>
      <rects>
        <_>
          0 1 61 33 -1.</_>
        <_>
          0 12 61 11 3.</_></rects>
      <tilted>0</tilted></_>
    <_>
      <rects>
        <_>
          0 8 47 38 -1.</_>
        <_>
          0 27 47 19 2.</_></rects>
      <tilted>0</tilted></_>
    <_>
      <rects>
        <_>
          0 8 49 3 -1.</_>
        <_>
          0 9 49 1 3.</_></rects>
      <tilted>0</tilted></_>
    <_>
      <rects>
        <_>
          0 11 49 30 -1.</_>
        <_>
          0 21 49 10 3.</_></rects>
      <tilted>0</tilted></_>
    <_>
      <rects>
        <_>
          0 16 61 15 -1.</_>
        <_>
          0 21 61 5 3.</_></rects>
      <tilted>0</tilted></_>
    <_>
      <rects>
        <_>
          0 17 64 12 -1.</_>
        <_>
          0 21 64 4 3.</_></rects>
      <tilted>0</tilted></_>
    <_>
      <rects>
        <_>
          0 18 48 2 -1.</_>
        <_>
          0 19 48 1 2.</_></rects>
      <tilted>0</tilted></_>
    <_>
      <rects>
        <_>
          1 11 14 18 -1.</_>
        <_>
          8 11 7 18 2.</_></rects>
      <tilted>0</tilted></_>
    <_>
      <rects>
        <_>
          1 31 61 16 -1.</_>
        <_>
          1 39 61 8 2.</_></rects>
      <tilted>0</tilted></_>
    <_>
      <rects>
        <_>
          3 20 46 26 -1.</_>
        <_>
          26 20 23 26 2.</_></rects>
      <tilted>0</tilted></_>
    <_>
      <rects>
        <_>
          4 5 60 39 -1.</_>
        <_>
          34 5 30 39 2.</_></rects>
      <tilted>0</tilted></_>
    <_>
      <rects>
        <_>
          4 12 56 30 -1.</_>
        <_>
          4 22 56 10 3.</_></rects>
      <tilted>0</tilted></_>
    <_>
      <rects>
        <_>
          4 16 58 15 -1.</_>
        <_>
          4 21 58 5 3.</_></rects>
      <tilted>0</tilted></_>
    <_>
      <rects>
        <_>
          4 29 46 18 -1.</_>
        <_>
          4 35 46 6 3.</_></rects>
      <tilted>0</tilted></_>
    <_>
      <rects>
        <_>
          9 0 21 13 -1.</_>
        <_>
          16 0 7 13 3.</_></rects>
      <tilted>0</tilted></_>
    <_>
      <rects>
        <_>
          12 0 9 34 -1.</_>
        <_>
          15 0 3 34 3.</_></rects>
      <tilted>0</tilted></_>
    <_>
      <rects>
        <_>
          12 0 24 8 -1.</_>
        <_>
          12 4 24 4 2.</_></rects>
      <tilted>0</tilted></_>
    <_>
      <rects>
        <_>
          12 1 40 8 -1.</_>
        <_>
          12 5 40 4 2.</_></rects>
      <tilted>0</tilted></_>
    <_>
      <rects>
        <_>
          12 4 47 44 -1.</_>
        <_>
          12 26 47 22 2.</_></rects>
      <tilted>0</tilted></_>
    <_>
      <rects>
        <_>
          14 24 39 1 -1.</_>
        <_>
          27 24 13 1 3.</_></rects>
      <tilted>0</tilted></_>
    <_>
      <rects>
        <_>
          15 1 43 8 -1.</_>
        <_>
          15 5 43 4 2.</_></rects>
      <tilted>0</tilted></_>
    <_>
      <rects>
        <_>
          16 3 45 7 -1.</_>
        <_>
          31 3 15 7 3.</_></rects>
      <tilted>0</tilted></_>
    <_>
      <rects>
        <_>
          16 29 9 17 -1.</_>
        <_>
          19 29 3 17 3.</_></rects>
      <tilted>0</tilted></_>
    <_>
      <rects>
        <_>
          18 3 12 41 -1.</_>
        <_>
          22 3 4 41 3.</_></rects>
      <tilted>0</tilted></_>
    <_>
      <rects>
        <_>
          18 5 12 14 -1.</_>
        <_>
          22 5 4 14 3.</_></rects>
      <tilted>0</tilted></_>
    <_>
      <rects>
        <_>
          18 22 24 14 -1.</_>
        <_>
          26 22 8 14 3.</_></rects>
      <tilted>0</tilted></_>
    <_>
      <rects>
        <_>
          19 3 33 6 -1.</_>
        <_>
          30 3 11 6 3.</_></rects>
      <tilted>0</tilted></_>
    <_>
      <rects>
        <_>
          19 22 36 6 -1.</_>
        <_>
          31 22 12 6 3.</_></rects>
      <tilted>0</tilted></_>
    <_>
      <rects>
        <_>
          23 0 24 46 -1.</_>
        <_>
          31 0 8 46 3.</_></rects>
      <tilted>0</tilted></_>
    <_>
      <rects>
        <_>
          23 3 36 9 -1.</_>
        <_>
          35 3 12 9 3.</_></rects>
      <tilted>0</tilted></_>
    <_>
      <rects>
        <_>
          23 21 24 8 -1.</_>
        <_>
          31 21 8 8 3.</_></rects>
      <tilted>0</tilted></_>
    <_>
      <rects>
        <_>
          25 10 34 33 -1.</_>
        <_>
          42 10 17 33 2.</_></rects>
      <tilted>0</tilted></_>
    <_>
      <rects>
        <_>
          27 0 33 48 -1.</_>
        <_>
          38 0 11 48 3.</_></rects>
      <tilted>0</tilted></_>
    <_>
      <rects>
        <_>
          27 4 12 42 -1.</_>
        <_>
          31 4 4 42 3.</_></rects>
      <tilted>0</tilted></_>
    <_>
      <rects>
        <_>
          28 0 18 24 -1.</_>
        <_>
          34 0 6 24 3.</_></rects>
      <tilted>0</tilted></_>
    <_>
      <rects>
        <_>
          30 0 18 33 -1.</_>
        <_>
          36 0 6 33 3.</_></rects>
      <tilted>0</tilted></_>
    <_>
      <rects>
        <_>
          30 0 14 48 -1.</_>
        <_>
          37 0 7 48 2.</_></rects>
      <tilted>0</tilted></_>
    <_>
      <rects>
        <_>
          30 17 2 27 -1.</_>
        <_>
          30 26 2 9 3.</_></rects>
      <tilted>0</tilted></_>
    <_>
      <rects>
        <_>
          31 7 6 34 -1.</_>
        <_>
          33 7 2 34 3.</_></rects>
      <tilted>0</tilted></_>
    <_>
      <rects>
        <_>
          31 16 4 24 -1.</_>
        <_>
          31 24 4 8 3.</_></rects>
      <tilted>0</tilted></_>
    <_>
      <rects>
        <_>
          32 11 3 30 -1.</_>
        <_>
          32 21 3 10 3.</_></rects>
      <tilted>0</tilted></_>
    <_>
      <rects>
        <_>
          37 12 4 24 -1.</_>
        <_>
          37 20 4 8 3.</_></rects>
      <tilted>0</tilted></_>
    <_>
      <rects>
        <_>
          38 5 18 43 -1.</_>
        <_>
          44 5 6 43 3.</_></rects>
      <tilted>0</tilted></_>
    <_>
      <rects>
        <_>
          39 13 6 27 -1.</_>
        <_>
          39 22 6 9 3.</_></rects>
      <tilted>0</tilted></_>
    <_>
      <rects>
        <_>
          45 13 3 34 -1.</_>
        <_>
          46 13 1 34 3.</_></rects>
      <tilted>0</tilted></_>
    <_>
      <rects>
        <_>
          51 39 12 3 -1.</_>
        <_>
          55 39 4 3 3.</_></rects>
      <tilted>0</tilted></_>
    <_>
      <rects>
        <_>
          60 8 4 39 -1.</_>
        <_>
          60 21 4 13 3.</_></rects>
      <tilted>0</tilted></_></features></cascade>
</opencv_storage>
