<?xml version="1.0"?>
<opencv_storage>
<cascade>
  <stageType>BOOST</stageType>
  <featureType>HAAR</featureType>
  <height>14</height>
  <width>14</width>
  <stageParams>
    <boostType>RAB</boostType>
    <minHitRate>9.9500000476837158e-01</minHitRate>
    <maxFalseAlarm>5.0000000000000000e-01</maxFalseAlarm>
    <weightTrimRate>9.4999999999999996e-01</weightTrimRate>
    <maxDepth>1</maxDepth>
    <maxWeakCount>100</maxWeakCount></stageParams>
  <featureParams>
    <maxCatCount>0</maxCatCount>
    <featSize>1</featSize>
    <mode>BASIC</mode></featureParams>
  <stageNum>8</stageNum>
  <stages>
    <!-- stage 0 -->
    <_>
      <maxWeakCount>1</maxWeakCount>
      <stageThreshold>5.7564578056335449e+00</stageThreshold>
      <weakClassifiers>
        <_>
          <internalNodes>
            0 -1 1 9.2227896675467491e-03</internalNodes>
          <leafValues>
            -5.7564578056335449e+00 5.7564578056335449e+00</leafValues></_></weakClassifiers></_>
    <!-- stage 1 -->
    <_>
      <maxWeakCount>2</maxWeakCount>
      <stageThreshold>-2.1623673439025879e+00</stageThreshold>
      <weakClassifiers>
        <_>
          <internalNodes>
            0 -1 13 -8.8268265128135681e-02</internalNodes>
          <leafValues>
            -2.4275390803813934e-01 -2.7077326774597168e+00</leafValues></_>
        <_>
          <internalNodes>
            0 -1 9 2.5537583976984024e-02</internalNodes>
          <leafValues>
            -1.9196133613586426e+00 1.4441381692886353e+00</leafValues></_></weakClassifiers></_>
    <!-- stage 2 -->
    <_>
      <maxWeakCount>2</maxWeakCount>
      <stageThreshold>-1.8224908113479614e+00</stageThreshold>
      <weakClassifiers>
        <_>
          <internalNodes>
            0 -1 8 7.5349725782871246e-02</internalNodes>
          <leafValues>
            -2.5265281200408936e+00 -4.9519935250282288e-01</leafValues></_>
        <_>
          <internalNodes>
            0 -1 7 -4.9909591674804688e-02</internalNodes>
          <leafValues>
            1.5268408060073853e+00 -1.3272914886474609e+00</leafValues></_></weakClassifiers></_>
    <!-- stage 3 -->
    <_>
      <maxWeakCount>2</maxWeakCount>
      <stageThreshold>-2.1022241115570068e+00</stageThreshold>
      <weakClassifiers>
        <_>
          <internalNodes>
            0 -1 2 3.4991998225450516e-02</internalNodes>
          <leafValues>
            -2.5782489776611328e+00 -4.9926441907882690e-01</leafValues></_>
        <_>
          <internalNodes>
            0 -1 3 3.3292591571807861e-02</internalNodes>
          <leafValues>
            -1.6029596328735352e+00 9.6958583593368530e-01</leafValues></_></weakClassifiers></_>
    <!-- stage 4 -->
    <_>
      <maxWeakCount>2</maxWeakCount>
      <stageThreshold>-1.7309610843658447e+00</stageThreshold>
      <weakClassifiers>
        <_>
          <internalNodes>
            0 -1 5 -1.7627585679292679e-02</internalNodes>
          <leafValues>
            -5.6971716880798340e-01 -2.3269801139831543e+00</leafValues></_>
        <_>
          <internalNodes>
            0 -1 10 -9.1348841786384583e-02</internalNodes>
          <leafValues>
            5.9601908922195435e-01 -5.7564578056335449e+00</leafValues></_></weakClassifiers></_>
    <!-- stage 5 -->
    <_>
      <maxWeakCount>2</maxWeakCount>
      <stageThreshold>-1.7321354150772095e+00</stageThreshold>
      <weakClassifiers>
        <_>
          <internalNodes>
            0 -1 5 -1.7589181661605835e-02</internalNodes>
          <leafValues>
            -2.7980789542198181e-01 -2.3304600715637207e+00</leafValues></_>
        <_>
          <internalNodes>
            0 -1 6 7.0883717853575945e-04</internalNodes>
          <leafValues>
            -5.7564578056335449e+00 5.9832465648651123e-01</leafValues></_></weakClassifiers></_>
    <!-- stage 6 -->
    <_>
      <maxWeakCount>2</maxWeakCount>
      <stageThreshold>-2.0810394287109375e+00</stageThreshold>
      <weakClassifiers>
        <_>
          <internalNodes>
            0 -1 0 -2.6181358098983765e-01</internalNodes>
          <leafValues>
            6.9314718246459961e-01 -2.2163474559783936e+00</leafValues></_>
        <_>
          <internalNodes>
            0 -1 11 4.4953703880310059e-02</internalNodes>
          <leafValues>
            -2.7741866111755371e+00 6.5020596981048584e-01</leafValues></_></weakClassifiers></_>
    <!-- stage 7 -->
    <_>
      <maxWeakCount>2</maxWeakCount>
      <stageThreshold>-1.6696825027465820e+00</stageThreshold>
      <weakClassifiers>
        <_>
          <internalNodes>
            0 -1 12 -2.9029313474893570e-02</internalNodes>
          <leafValues>
            5.4930615425109863e-01 -2.1907007694244385e+00</leafValues></_>
        <_>
          <internalNodes>
            0 -1 4 4.9881136510521173e-04</internalNodes>
          <leafValues>
            -5.7564578056335449e+00 5.2101826667785645e-01</leafValues></_></weakClassifiers></_></stages>
  <features>
    <_>
      <rects>
        <_>
          0 0 3 13 -1.</_>
        <_>
          1 0 1 13 3.</_></rects>
      <tilted>0</tilted></_>
    <_>
      <rects>
        <_>
          0 0 4 8 -1.</_>
        <_>
          0 0 2 4 2.</_>
        <_>
          2 4 2 4 2.</_></rects>
      <tilted>0</tilted></_>
    <_>
      <rects>
        <_>
          0 2 6 1 -1.</_>
        <_>
          3 2 3 1 2.</_></rects>
      <tilted>0</tilted></_>
    <_>
      <rects>
        <_>
          3 7 6 4 -1.</_>
        <_>
          3 7 3 2 2.</_>
        <_>
          6 9 3 2 2.</_></rects>
      <tilted>0</tilted></_>
    <_>
      <rects>
        <_>
          3 8 2 6 -1.</_>
        <_>
          3 8 1 3 2.</_>
        <_>
          4 11 1 3 2.</_></rects>
      <tilted>0</tilted></_>
    <_>
      <rects>
        <_>
          4 4 2 2 -1.</_>
        <_>
          4 4 1 1 2.</_>
        <_>
          5 5 1 1 2.</_></rects>
      <tilted>0</tilted></_>
    <_>
      <rects>
        <_>
          4 4 1 4 -1.</_>
        <_>
          4 6 1 2 2.</_></rects>
      <tilted>0</tilted></_>
    <_>
      <rects>
        <_>
          4 12 8 2 -1.</_>
        <_>
          4 13 8 1 2.</_></rects>
      <tilted>0</tilted></_>
    <_>
      <rects>
        <_>
          5 1 7 2 -1.</_>
        <_>
          5 2 7 1 2.</_></rects>
      <tilted>0</tilted></_>
    <_>
      <rects>
        <_>
          6 4 6 4 -1.</_>
        <_>
          6 4 3 2 2.</_>
        <_>
          9 6 3 2 2.</_></rects>
      <tilted>0</tilted></_>
    <_>
      <rects>
        <_>
          8 0 6 14 -1.</_>
        <_>
          11 0 3 14 2.</_></rects>
      <tilted>0</tilted></_>
    <_>
      <rects>
        <_>
          8 0 4 8 -1.</_>
        <_>
          8 4 4 4 2.</_></rects>
      <tilted>0</tilted></_>
    <_>
      <rects>
        <_>
          8 5 1 3 -1.</_>
        <_>
          8 6 1 1 3.</_></rects>
      <tilted>0</tilted></_>
    <_>
      <rects>
        <_>
          12 5 2 7 -1.</_>
        <_>
          13 5 1 7 2.</_></rects>
      <tilted>0</tilted></_></features></cascade>
</opencv_storage>
